fixed acidity,volatile acidity,citric acid,residual sugar,chlorides,free sulfur dioxide,total sulfur dioxide,density,pH,sulphates,alcohol,quality
10.3,0.320,0.45,6.4,0.073,5.0,13.0,0.99760,3.23,0.82,12.6,8
11.3,0.620,0.67,5.2,0.086,6.0,19.0,0.99880,3.22,0.69,13.4,8
9.5,0.390,0.41,8.9,0.069,18.0,39.0,0.99859,3.29,0.81,10.9,7
7.9,0.300,0.68,8.3,0.050,37.5,278.0,0.99316,03.01,0.51,12.3,7
7.9,0.300,0.68,8.3,0.050,37.5,289.0,0.99316,03.01,0.51,12.3,7
7.5,0.630,0.12,5.1,0.111,50.0,110.0,0.99830,3.26,0.77,9.4,5
6.0,0.330,0.32,12.9,0.054,6.0,113.0,0.99572,3.30,0.56,11.5,4
8.5,0.400,0.40,6.3,0.050,3.0,10.0,0.99566,3.28,0.56,12.0,4
6.5,0.880,0.03,5.6,0.079,23.0,47.0,0.99572,3.58,0.50,11.2,4
7.1,0.875,0.05,5.7,0.082,3.0,14.0,0.99808,3.40,0.52,10.2,3
7.4,0.700,0.00,1.9,0.076,11.0,34.0,0.99780,3.51,0.56,9.4,5
7.8,0.880,0.00,2.6,0.098,25.0,67.0,0.99680,3.20,0.68,9.8,5
7.8,0.760,0.04,2.3,0.092,15.0,54.0,0.99700,3.26,0.65,9.8,5
11.2,0.280,0.56,1.9,0.075,17.0,60.0,0.99800,3.16,0.58,9.8,6
7.4,0.700,0.00,1.9,0.076,11.0,34.0,0.99780,3.51,0.56,9.4,5
6.2,0.600,0.08,2.0,0.090,32.0,44.0,0.99490,3.45,0.58,10.5,5
5.9,0.550,0.10,2.2,0.062,39.0,51.0,0.99512,3.52,0.76,11.2,6
6.3,0.510,0.13,2.3,0.076,29.0,40.0,0.99574,3.42,0.75,11.0,6
5.9,0.645,0.12,2.0,0.075,32.0,44.0,0.99547,3.57,0.71,10.2,5
6.0,0.310,0.47,3.6,0.067,18.0,42.0,0.99549,3.39,0.66,11.0,6